{
  "parent": "minecraft:recipes/root",
  "criteria": {
    "has_interface": {
      "conditions": {
        "items": [
          {
            "items": [
              "ae2:interface"
            ]
          }
        ]
      },
      "trigger": "minecraft:inventory_changed"
    },
    "has_the_recipe": {
      "conditions": {
        "recipe": "appbot:fluix_mana_pool"
      },
      "trigger": "minecraft:recipe_unlocked"
    }
  },
  "requirements": [
    [
      "has_interface",
      "has_the_recipe"
    ]
  ],
  "rewards": {
    "recipes": [
      "appbot:fluix_mana_pool"
    ]
  },
  "sends_telemetry_event": false
}