{
  "parent": "minecraft:recipes/root",
  "criteria": {
    "has_life_essence": {
      "conditions": {
        "items": [
          {
            "items": [
              "botania:life_essence"
            ]
          }
        ]
      },
      "trigger": "minecraft:inventory_changed"
    },
    "has_the_recipe": {
      "conditions": {
        "recipe": "appbot:mana_cell_housing"
      },
      "trigger": "minecraft:recipe_unlocked"
    }
  },
  "requirements": [
    [
      "has_life_essence",
      "has_the_recipe"
    ]
  ],
  "rewards": {
    "recipes": [
      "appbot:mana_cell_housing"
    ]
  },
  "sends_telemetry_event": false
}