{
  "parent": "minecraft:recipes/root",
  "criteria": {
    "has_cell_component_4k": {
      "conditions": {
        "items": [
          {
            "items": [
              "ae2:cell_component_4k"
            ]
          }
        ]
      },
      "trigger": "minecraft:inventory_changed"
    },
    "has_the_recipe": {
      "conditions": {
        "recipe": "appbot:mana_storage_cell_4k"
      },
      "trigger": "minecraft:recipe_unlocked"
    }
  },
  "requirements": [
    [
      "has_cell_component_4k",
      "has_the_recipe"
    ]
  ],
  "rewards": {
    "recipes": [
      "appbot:mana_storage_cell_4k"
    ]
  },
  "sends_telemetry_event": false
}