{
  "parent": "minecraft:recipes/root",
  "criteria": {
    "has_energy_cell": {
      "conditions": {
        "items": [
          {
            "items": [
              "ae2:energy_cell"
            ]
          }
        ]
      },
      "trigger": "minecraft:inventory_changed"
    },
    "has_mana_cell_housing": {
      "conditions": {
        "items": [
          {
            "items": [
              "appbot:mana_cell_housing"
            ]
          }
        ]
      },
      "trigger": "minecraft:inventory_changed"
    },
    "has_the_recipe": {
      "conditions": {
        "recipe": "appbot:portable_mana_storage_cell_64k"
      },
      "trigger": "minecraft:recipe_unlocked"
    }
  },
  "requirements": [
    [
      "has_mana_cell_housing",
      "has_energy_cell",
      "has_the_recipe"
    ]
  ],
  "rewards": {
    "recipes": [
      "appbot:portable_mana_storage_cell_64k"
    ]
  },
  "sends_telemetry_event": false
}