{
  "name": "appbot.entry.mana_drives",
  "category": "botania:misc",
  "icon": "appbot:mana_cell_housing",
  "entry_color": "aa00",
  "advancement": "botania:main/elf_lexicon_pickup",
  "pages": [
    {
      "type": "text",
      "text": "appbot.page.mana_drives0"
    },
    {
      "type": "crafting",
      "text": "appbot.page.mana_drives1",
      "recipe": "appbot:mana_cell_housing"
    },
    {
      "type": "crafting",
      "recipe": "appbot:mana_storage_cell_1k"
    },
    {
      "type": "crafting",
      "recipe": "appbot:mana_storage_cell_4k"
    },
    {
      "type": "crafting",
      "recipe": "appbot:mana_storage_cell_16k"
    },
    {
      "type": "crafting",
      "recipe": "appbot:mana_storage_cell_64k"
    },
    {
      "type": "crafting",
      "recipe": "appbot:mana_storage_cell_256k"
    }
  ]
}
