{
  "mappings": {
    "appbot/mixins/BotaniaBlockEntitiesMixin": {
      "Lvazkii/botania/common/block/block_entity/BotaniaBlockEntities;type(Lnet/minecraft/resources/ResourceLocation;Ljava/util/function/BiFunction;[Lnet/minecraft/world/level/block/Block;)Lnet/minecraft/world/level/block/entity/BlockEntityType;": "Lvazkii/botania/common/block/block_entity/BotaniaBlockEntities;type(Lnet/minecraft/class_2960;Ljava/util/function/BiFunction;[Lnet/minecraft/class_2248;)Lnet/minecraft/class_2591;"
    }
  },
  "data": {
    "named:intermediary": {
      "appbot/mixins/BotaniaBlockEntitiesMixin": {
        "Lvazkii/botania/common/block/block_entity/BotaniaBlockEntities;type(Lnet/minecraft/resources/ResourceLocation;Ljava/util/function/BiFunction;[Lnet/minecraft/world/level/block/Block;)Lnet/minecraft/world/level/block/entity/BlockEntityType;": "Lvazkii/botania/common/block/block_entity/BotaniaBlockEntities;type(Lnet/minecraft/class_2960;Ljava/util/function/BiFunction;[Lnet/minecraft/class_2248;)Lnet/minecraft/class_2591;"
      }
    }
  }
}