{
  "schemaVersion": 1,
  "id": "appbot",
  "version": "1.5.0",
  "mixins": ["appbot.mixins.json"],
  "depends": {
    "ae2": ">=15.0.14",
    "botania": "*",
    "minecraft": "1.20.1"
  },
  "entrypoints": {
    "ae2": ["appbot.fabric.AppliedBotanicsFabric::initialize"],
    "ae2:client": ["appbot.fabric.client.AppliedBotanicsClient::initialize"],
    "fabric-datagen": ["appbot.fabric.data.ABDataGenerator"],
    "rei_client": ["appbot.integration.rei.ABREIPlugin"],
    "jei_mod_plugin": ["appbot.integration.jei.ABJEIPlugin"],
    "emi": ["appbot.integration.emi.ABEMIPlugin"]
  },
  "name": "Applied Botanics",
  "description": "mana through ae2, what could go wrong",
  "icon": "logo.png",
  "authors": ["ramidzkh"],
  "license": ["LGPL-3.0-or-later"],
  "contact": {
    "homepage": "https://github.com/ramidzkh/Applied-Botanics#readme",
    "issues": "https://github.com/ramidzkh/Applied-Botanics/issues",
    "sources": "https://github.com/ramidzkh/Applied-Botanics"
  }
}
